<?xml version="1.0" encoding="UTF-8"?>
<config xmlns="http://www.knime.org/2008/09/XMLConfig" xmlns:xsi="http://www.w3.org/2001/XMLSchema-instance" xsi:schemaLocation="http://www.knime.org/2008/09/XMLConfig http://www.knime.org/XMLConfig_2008_09.xsd" key="model.xml">
<entry key="version" type="xint" value="1"/>
<entry key="class_name" type="xstring" value="org.knime.base.data.normalize.NormalizerPortObject"/>
<config key="model">
<config key="columns">
<config key="Col1">
<entry key="column_name" type="xstring" value="Col1"/>
<entry key="column_scale" type="xdouble" value="0.9153754469606672"/>
<entry key="column_translate" type="xdouble" value="-2.36471990464839"/>
<entry key="column_min" type="xdouble" value="0.0"/>
<entry key="column_max" type="xdouble" value="1.0"/>
</config>
<config key="Col2">
<entry key="column_name" type="xstring" value="Col2"/>
<entry key="column_scale" type="xdouble" value="0.08011352410638642"/>
<entry key="column_translate" type="xdouble" value="-0.05654627441389627"/>
<entry key="column_min" type="xdouble" value="0.0"/>
<entry key="column_max" type="xdouble" value="1.0"/>
</config>
<config key="Col3">
<entry key="column_name" type="xstring" value="Col3"/>
<entry key="column_scale" type="xdouble" value="5.91016548463357E-4"/>
<entry key="column_translate" type="xdouble" value="-0.001182033096926714"/>
<entry key="column_min" type="xdouble" value="0.0"/>
<entry key="column_max" type="xdouble" value="1.0"/>
</config>
<config key="Col4">
<entry key="column_name" type="xstring" value="Col4"/>
<entry key="column_scale" type="xdouble" value="0.004"/>
<entry key="column_translate" type="xdouble" value="-0.032"/>
<entry key="column_min" type="xdouble" value="0.0"/>
<entry key="column_max" type="xdouble" value="1.0"/>
</config>
<config key="Col5">
<entry key="column_name" type="xstring" value="Col5"/>
<entry key="column_scale" type="xdouble" value="0.004132231404958678"/>
<entry key="column_translate" type="xdouble" value="-0.024793388429752067"/>
<entry key="column_min" type="xdouble" value="0.0"/>
<entry key="column_max" type="xdouble" value="1.0"/>
</config>
<config key="Col6">
<entry key="column_name" type="xstring" value="Col6"/>
<entry key="column_scale" type="xdouble" value="0.0031746031746031746"/>
<entry key="column_translate" type="xdouble" value="-0.025396825396825397"/>
<entry key="column_min" type="xdouble" value="0.0"/>
<entry key="column_max" type="xdouble" value="1.0"/>
</config>
<config key="Col7">
<entry key="column_name" type="xstring" value="Col7"/>
<entry key="column_scale" type="xdouble" value="0.0041841004184100415"/>
<entry key="column_translate" type="xdouble" value="-0.04184100418410042"/>
<entry key="column_min" type="xdouble" value="0.0"/>
<entry key="column_max" type="xdouble" value="1.0"/>
</config>
<config key="Col8">
<entry key="column_name" type="xstring" value="Col8"/>
<entry key="column_scale" type="xdouble" value="0.0035087719298245615"/>
<entry key="column_translate" type="xdouble" value="-0.08421052631578947"/>
<entry key="column_min" type="xdouble" value="0.0"/>
<entry key="column_max" type="xdouble" value="1.0"/>
</config>
<config key="Col9">
<entry key="column_name" type="xstring" value="Col9"/>
<entry key="column_scale" type="xdouble" value="0.003289473684210526"/>
<entry key="column_translate" type="xdouble" value="-0.10197368421052631"/>
<entry key="column_min" type="xdouble" value="0.0"/>
<entry key="column_max" type="xdouble" value="1.0"/>
</config>
<config key="Col10">
<entry key="column_name" type="xstring" value="Col10"/>
<entry key="column_scale" type="xdouble" value="0.0015290519877675841"/>
<entry key="column_translate" type="xdouble" value="-0.07339449541284404"/>
<entry key="column_min" type="xdouble" value="0.0"/>
<entry key="column_max" type="xdouble" value="1.0"/>
</config>
<config key="Col11">
<entry key="column_name" type="xstring" value="Col11"/>
<entry key="column_scale" type="xdouble" value="0.002257336343115124"/>
<entry key="column_translate" type="xdouble" value="-0.10835214446952596"/>
<entry key="column_min" type="xdouble" value="0.0"/>
<entry key="column_max" type="xdouble" value="1.0"/>
</config>
<config key="Col12">
<entry key="column_name" type="xstring" value="Col12"/>
<entry key="column_scale" type="xdouble" value="0.003048780487804878"/>
<entry key="column_translate" type="xdouble" value="-0.0975609756097561"/>
<entry key="column_min" type="xdouble" value="0.0"/>
<entry key="column_max" type="xdouble" value="1.0"/>
</config>
<config key="Col13">
<entry key="column_name" type="xstring" value="Col13"/>
<entry key="column_scale" type="xdouble" value="0.0037593984962406013"/>
<entry key="column_translate" type="xdouble" value="-0.041353383458646614"/>
<entry key="column_min" type="xdouble" value="0.0"/>
<entry key="column_max" type="xdouble" value="1.0"/>
</config>
<config key="Col14">
<entry key="column_name" type="xstring" value="Col14"/>
<entry key="column_scale" type="xdouble" value="0.0032258064516129032"/>
<entry key="column_translate" type="xdouble" value="-0.02258064516129032"/>
<entry key="column_min" type="xdouble" value="0.0"/>
<entry key="column_max" type="xdouble" value="1.0"/>
</config>
<config key="Col15">
<entry key="column_name" type="xstring" value="Col15"/>
<entry key="column_scale" type="xdouble" value="0.0045662100456621"/>
<entry key="column_translate" type="xdouble" value="-0.0228310502283105"/>
<entry key="column_min" type="xdouble" value="0.0"/>
<entry key="column_max" type="xdouble" value="1.0"/>
</config>
<config key="Col16">
<entry key="column_name" type="xstring" value="Col16"/>
<entry key="column_scale" type="xdouble" value="0.004098360655737705"/>
<entry key="column_translate" type="xdouble" value="-0.01639344262295082"/>
<entry key="column_min" type="xdouble" value="0.0"/>
<entry key="column_max" type="xdouble" value="1.0"/>
</config>
<config key="Col17">
<entry key="column_name" type="xstring" value="Col17"/>
<entry key="column_scale" type="xdouble" value="0.004048582995951417"/>
<entry key="column_translate" type="xdouble" value="-0.012145748987854251"/>
<entry key="column_min" type="xdouble" value="0.0"/>
<entry key="column_max" type="xdouble" value="1.0"/>
</config>
<config key="Col18">
<entry key="column_name" type="xstring" value="Col18"/>
<entry key="column_scale" type="xdouble" value="0.0023148148148148147"/>
<entry key="column_translate" type="xdouble" value="-0.0023148148148148147"/>
<entry key="column_min" type="xdouble" value="0.0"/>
<entry key="column_max" type="xdouble" value="1.0"/>
</config>
</config>
<entry key="summary" type="xstring" value="Min/Max (0.0, 1) normalization on 18 column(s)"/>
</config>
</config>
