<?xml version="1.0" encoding="UTF-8"?>
<config xmlns="http://www.knime.org/2008/09/XMLConfig" xmlns:xsi="http://www.w3.org/2001/XMLSchema-instance" xsi:schemaLocation="http://www.knime.org/2008/09/XMLConfig http://www.knime.org/XMLConfig_2008_09.xsd" key="model.xml">
<entry key="version" type="xint" value="1"/>
<entry key="class_name" type="xstring" value="org.knime.base.data.normalize.NormalizerPortObject"/>
<config key="model">
<config key="columns">
<config key="Col1">
<entry key="column_name" type="xstring" value="Col1"/>
<entry key="column_scale" type="xdouble" value="0.8717366628830872"/>
<entry key="column_translate" type="xdouble" value="-2.2519863791146415"/>
<entry key="column_min" type="xdouble" value="0.0"/>
<entry key="column_max" type="xdouble" value="1.0"/>
</config>
<config key="Col2">
<entry key="column_name" type="xstring" value="Col2"/>
<entry key="column_scale" type="xdouble" value="0.08011352410638642"/>
<entry key="column_translate" type="xdouble" value="-0.05654627441389627"/>
<entry key="column_min" type="xdouble" value="0.0"/>
<entry key="column_max" type="xdouble" value="1.0"/>
</config>
<config key="Col3">
<entry key="column_name" type="xstring" value="Col3"/>
<entry key="column_scale" type="xdouble" value="7.727975270479134E-4"/>
<entry key="column_translate" type="xdouble" value="-0.0015455950540958269"/>
<entry key="column_min" type="xdouble" value="0.0"/>
<entry key="column_max" type="xdouble" value="1.0"/>
</config>
<config key="Col4">
<entry key="column_name" type="xstring" value="Col4"/>
<entry key="column_scale" type="xdouble" value="0.0038461538461538464"/>
<entry key="column_translate" type="xdouble" value="-0.03076923076923077"/>
<entry key="column_min" type="xdouble" value="0.0"/>
<entry key="column_max" type="xdouble" value="1.0"/>
</config>
<config key="Col5">
<entry key="column_name" type="xstring" value="Col5"/>
<entry key="column_scale" type="xdouble" value="0.003745318352059925"/>
<entry key="column_translate" type="xdouble" value="-0.02247191011235955"/>
<entry key="column_min" type="xdouble" value="0.0"/>
<entry key="column_max" type="xdouble" value="1.0"/>
</config>
<config key="Col6">
<entry key="column_name" type="xstring" value="Col6"/>
<entry key="column_scale" type="xdouble" value="0.0031746031746031746"/>
<entry key="column_translate" type="xdouble" value="-0.025396825396825397"/>
<entry key="column_min" type="xdouble" value="0.0"/>
<entry key="column_max" type="xdouble" value="1.0"/>
</config>
<config key="Col7">
<entry key="column_name" type="xstring" value="Col7"/>
<entry key="column_scale" type="xdouble" value="0.0025380710659898475"/>
<entry key="column_translate" type="xdouble" value="-0.025380710659898477"/>
<entry key="column_min" type="xdouble" value="0.0"/>
<entry key="column_max" type="xdouble" value="1.0"/>
</config>
<config key="Col8">
<entry key="column_name" type="xstring" value="Col8"/>
<entry key="column_scale" type="xdouble" value="0.0016366612111292963"/>
<entry key="column_translate" type="xdouble" value="-0.03927986906710311"/>
<entry key="column_min" type="xdouble" value="0.0"/>
<entry key="column_max" type="xdouble" value="1.0"/>
</config>
<config key="Col9">
<entry key="column_name" type="xstring" value="Col9"/>
<entry key="column_scale" type="xdouble" value="0.0017482517482517483"/>
<entry key="column_translate" type="xdouble" value="-0.05419580419580419"/>
<entry key="column_min" type="xdouble" value="0.0"/>
<entry key="column_max" type="xdouble" value="1.0"/>
</config>
<config key="Col10">
<entry key="column_name" type="xstring" value="Col10"/>
<entry key="column_scale" type="xdouble" value="0.0012453300124533001"/>
<entry key="column_translate" type="xdouble" value="-0.05977584059775841"/>
<entry key="column_min" type="xdouble" value="0.0"/>
<entry key="column_max" type="xdouble" value="1.0"/>
</config>
<config key="Col11">
<entry key="column_name" type="xstring" value="Col11"/>
<entry key="column_scale" type="xdouble" value="0.001349527665317139"/>
<entry key="column_translate" type="xdouble" value="-0.02294197031039136"/>
<entry key="column_min" type="xdouble" value="0.0"/>
<entry key="column_max" type="xdouble" value="1.0"/>
</config>
<config key="Col12">
<entry key="column_name" type="xstring" value="Col12"/>
<entry key="column_scale" type="xdouble" value="0.0020491803278688526"/>
<entry key="column_translate" type="xdouble" value="-0.06557377049180328"/>
<entry key="column_min" type="xdouble" value="0.0"/>
<entry key="column_max" type="xdouble" value="1.0"/>
</config>
<config key="Col13">
<entry key="column_name" type="xstring" value="Col13"/>
<entry key="column_scale" type="xdouble" value="0.0037593984962406013"/>
<entry key="column_translate" type="xdouble" value="-0.041353383458646614"/>
<entry key="column_min" type="xdouble" value="0.0"/>
<entry key="column_max" type="xdouble" value="1.0"/>
</config>
<config key="Col14">
<entry key="column_name" type="xstring" value="Col14"/>
<entry key="column_scale" type="xdouble" value="0.0032258064516129032"/>
<entry key="column_translate" type="xdouble" value="-0.02258064516129032"/>
<entry key="column_min" type="xdouble" value="0.0"/>
<entry key="column_max" type="xdouble" value="1.0"/>
</config>
<config key="Col15">
<entry key="column_name" type="xstring" value="Col15"/>
<entry key="column_scale" type="xdouble" value="0.004484304932735426"/>
<entry key="column_translate" type="xdouble" value="-0.004484304932735426"/>
<entry key="column_min" type="xdouble" value="0.0"/>
<entry key="column_max" type="xdouble" value="1.0"/>
</config>
<config key="Col16">
<entry key="column_name" type="xstring" value="Col16"/>
<entry key="column_scale" type="xdouble" value="0.004201680672268907"/>
<entry key="column_translate" type="xdouble" value="0.0"/>
<entry key="column_min" type="xdouble" value="0.0"/>
<entry key="column_max" type="xdouble" value="1.0"/>
</config>
<config key="Col17">
<entry key="column_name" type="xstring" value="Col17"/>
<entry key="column_scale" type="xdouble" value="0.0036363636363636364"/>
<entry key="column_translate" type="xdouble" value="-0.0036363636363636364"/>
<entry key="column_min" type="xdouble" value="0.0"/>
<entry key="column_max" type="xdouble" value="1.0"/>
</config>
<config key="Col18">
<entry key="column_name" type="xstring" value="Col18"/>
<entry key="column_scale" type="xdouble" value="0.0023148148148148147"/>
<entry key="column_translate" type="xdouble" value="-0.0023148148148148147"/>
<entry key="column_min" type="xdouble" value="0.0"/>
<entry key="column_max" type="xdouble" value="1.0"/>
</config>
</config>
<entry key="summary" type="xstring" value="Min/Max (0.0, 1) normalization on 18 column(s)"/>
</config>
</config>
