<?xml version="1.0" encoding="UTF-8"?>
<config xmlns="http://www.knime.org/2008/09/XMLConfig" xmlns:xsi="http://www.w3.org/2001/XMLSchema-instance" xsi:schemaLocation="http://www.knime.org/2008/09/XMLConfig http://www.knime.org/XMLConfig_2008_09.xsd" key="MiningSchema">
<config key="learning">
<entry key="array-size" type="xint" value="576"/>
<entry key="0" type="xstring" value="Col1"/>
<entry key="1" type="xstring" value="Col2"/>
<entry key="2" type="xstring" value="Col3"/>
<entry key="3" type="xstring" value="Col4"/>
<entry key="4" type="xstring" value="Col5"/>
<entry key="5" type="xstring" value="Col6"/>
<entry key="6" type="xstring" value="Col7"/>
<entry key="7" type="xstring" value="Col8"/>
<entry key="8" type="xstring" value="Col9"/>
<entry key="9" type="xstring" value="Col10"/>
<entry key="10" type="xstring" value="Col11"/>
<entry key="11" type="xstring" value="Col12"/>
<entry key="12" type="xstring" value="Col13"/>
<entry key="13" type="xstring" value="Col14"/>
<entry key="14" type="xstring" value="Col15"/>
<entry key="15" type="xstring" value="Col16"/>
<entry key="16" type="xstring" value="Col17"/>
<entry key="17" type="xstring" value="Col18"/>
<entry key="18" type="xstring" value="Col19"/>
<entry key="19" type="xstring" value="Col20"/>
<entry key="20" type="xstring" value="Col21"/>
<entry key="21" type="xstring" value="Col22"/>
<entry key="22" type="xstring" value="Col23"/>
<entry key="23" type="xstring" value="Col24"/>
<entry key="24" type="xstring" value="Col25"/>
<entry key="25" type="xstring" value="Col26"/>
<entry key="26" type="xstring" value="Col27"/>
<entry key="27" type="xstring" value="Col28"/>
<entry key="28" type="xstring" value="Col29"/>
<entry key="29" type="xstring" value="Col30"/>
<entry key="30" type="xstring" value="Col31"/>
<entry key="31" type="xstring" value="Col32"/>
<entry key="32" type="xstring" value="Col33"/>
<entry key="33" type="xstring" value="Col34"/>
<entry key="34" type="xstring" value="Col35"/>
<entry key="35" type="xstring" value="Col36"/>
<entry key="36" type="xstring" value="Col37"/>
<entry key="37" type="xstring" value="Col38"/>
<entry key="38" type="xstring" value="Col39"/>
<entry key="39" type="xstring" value="Col40"/>
<entry key="40" type="xstring" value="Col41"/>
<entry key="41" type="xstring" value="Col42"/>
<entry key="42" type="xstring" value="Col43"/>
<entry key="43" type="xstring" value="Col44"/>
<entry key="44" type="xstring" value="Col45"/>
<entry key="45" type="xstring" value="Col46"/>
<entry key="46" type="xstring" value="Col47"/>
<entry key="47" type="xstring" value="Col48"/>
<entry key="48" type="xstring" value="Col49"/>
<entry key="49" type="xstring" value="Col50"/>
<entry key="50" type="xstring" value="Col51"/>
<entry key="51" type="xstring" value="Col52"/>
<entry key="52" type="xstring" value="Col53"/>
<entry key="53" type="xstring" value="Col54"/>
<entry key="54" type="xstring" value="Col55"/>
<entry key="55" type="xstring" value="Col56"/>
<entry key="56" type="xstring" value="Col57"/>
<entry key="57" type="xstring" value="Col58"/>
<entry key="58" type="xstring" value="Col59"/>
<entry key="59" type="xstring" value="Col60"/>
<entry key="60" type="xstring" value="Col61"/>
<entry key="61" type="xstring" value="Col62"/>
<entry key="62" type="xstring" value="Col63"/>
<entry key="63" type="xstring" value="Col64"/>
<entry key="64" type="xstring" value="Col65"/>
<entry key="65" type="xstring" value="Col66"/>
<entry key="66" type="xstring" value="Col67"/>
<entry key="67" type="xstring" value="Col68"/>
<entry key="68" type="xstring" value="Col69"/>
<entry key="69" type="xstring" value="Col70"/>
<entry key="70" type="xstring" value="Col71"/>
<entry key="71" type="xstring" value="Col72"/>
<entry key="72" type="xstring" value="Col73"/>
<entry key="73" type="xstring" value="Col74"/>
<entry key="74" type="xstring" value="Col75"/>
<entry key="75" type="xstring" value="Col76"/>
<entry key="76" type="xstring" value="Col77"/>
<entry key="77" type="xstring" value="Col78"/>
<entry key="78" type="xstring" value="Col79"/>
<entry key="79" type="xstring" value="Col80"/>
<entry key="80" type="xstring" value="Col81"/>
<entry key="81" type="xstring" value="Col82"/>
<entry key="82" type="xstring" value="Col83"/>
<entry key="83" type="xstring" value="Col84"/>
<entry key="84" type="xstring" value="Col85"/>
<entry key="85" type="xstring" value="Col86"/>
<entry key="86" type="xstring" value="Col87"/>
<entry key="87" type="xstring" value="Col88"/>
<entry key="88" type="xstring" value="Col89"/>
<entry key="89" type="xstring" value="Col90"/>
<entry key="90" type="xstring" value="Col91"/>
<entry key="91" type="xstring" value="Col92"/>
<entry key="92" type="xstring" value="Col93"/>
<entry key="93" type="xstring" value="Col94"/>
<entry key="94" type="xstring" value="Col95"/>
<entry key="95" type="xstring" value="Col96"/>
<entry key="96" type="xstring" value="Col97"/>
<entry key="97" type="xstring" value="Col98"/>
<entry key="98" type="xstring" value="Col99"/>
<entry key="99" type="xstring" value="Col100"/>
<entry key="100" type="xstring" value="Col101"/>
<entry key="101" type="xstring" value="Col102"/>
<entry key="102" type="xstring" value="Col103"/>
<entry key="103" type="xstring" value="Col104"/>
<entry key="104" type="xstring" value="Col105"/>
<entry key="105" type="xstring" value="Col106"/>
<entry key="106" type="xstring" value="Col107"/>
<entry key="107" type="xstring" value="Col108"/>
<entry key="108" type="xstring" value="Col109"/>
<entry key="109" type="xstring" value="Col110"/>
<entry key="110" type="xstring" value="Col111"/>
<entry key="111" type="xstring" value="Col112"/>
<entry key="112" type="xstring" value="Col113"/>
<entry key="113" type="xstring" value="Col114"/>
<entry key="114" type="xstring" value="Col115"/>
<entry key="115" type="xstring" value="Col116"/>
<entry key="116" type="xstring" value="Col117"/>
<entry key="117" type="xstring" value="Col118"/>
<entry key="118" type="xstring" value="Col119"/>
<entry key="119" type="xstring" value="Col120"/>
<entry key="120" type="xstring" value="Col121"/>
<entry key="121" type="xstring" value="Col122"/>
<entry key="122" type="xstring" value="Col123"/>
<entry key="123" type="xstring" value="Col124"/>
<entry key="124" type="xstring" value="Col125"/>
<entry key="125" type="xstring" value="Col126"/>
<entry key="126" type="xstring" value="Col127"/>
<entry key="127" type="xstring" value="Col128"/>
<entry key="128" type="xstring" value="Col129"/>
<entry key="129" type="xstring" value="Col130"/>
<entry key="130" type="xstring" value="Col131"/>
<entry key="131" type="xstring" value="Col132"/>
<entry key="132" type="xstring" value="Col133"/>
<entry key="133" type="xstring" value="Col134"/>
<entry key="134" type="xstring" value="Col135"/>
<entry key="135" type="xstring" value="Col136"/>
<entry key="136" type="xstring" value="Col137"/>
<entry key="137" type="xstring" value="Col138"/>
<entry key="138" type="xstring" value="Col139"/>
<entry key="139" type="xstring" value="Col140"/>
<entry key="140" type="xstring" value="Col141"/>
<entry key="141" type="xstring" value="Col142"/>
<entry key="142" type="xstring" value="Col143"/>
<entry key="143" type="xstring" value="Col144"/>
<entry key="144" type="xstring" value="Col145"/>
<entry key="145" type="xstring" value="Col146"/>
<entry key="146" type="xstring" value="Col147"/>
<entry key="147" type="xstring" value="Col148"/>
<entry key="148" type="xstring" value="Col149"/>
<entry key="149" type="xstring" value="Col150"/>
<entry key="150" type="xstring" value="Col151"/>
<entry key="151" type="xstring" value="Col152"/>
<entry key="152" type="xstring" value="Col153"/>
<entry key="153" type="xstring" value="Col154"/>
<entry key="154" type="xstring" value="Col155"/>
<entry key="155" type="xstring" value="Col156"/>
<entry key="156" type="xstring" value="Col157"/>
<entry key="157" type="xstring" value="Col158"/>
<entry key="158" type="xstring" value="Col159"/>
<entry key="159" type="xstring" value="Col160"/>
<entry key="160" type="xstring" value="Col161"/>
<entry key="161" type="xstring" value="Col162"/>
<entry key="162" type="xstring" value="Col163"/>
<entry key="163" type="xstring" value="Col164"/>
<entry key="164" type="xstring" value="Col165"/>
<entry key="165" type="xstring" value="Col166"/>
<entry key="166" type="xstring" value="Col167"/>
<entry key="167" type="xstring" value="Col168"/>
<entry key="168" type="xstring" value="Col169"/>
<entry key="169" type="xstring" value="Col170"/>
<entry key="170" type="xstring" value="Col171"/>
<entry key="171" type="xstring" value="Col172"/>
<entry key="172" type="xstring" value="Col173"/>
<entry key="173" type="xstring" value="Col174"/>
<entry key="174" type="xstring" value="Col175"/>
<entry key="175" type="xstring" value="Col176"/>
<entry key="176" type="xstring" value="Col177"/>
<entry key="177" type="xstring" value="Col178"/>
<entry key="178" type="xstring" value="Col179"/>
<entry key="179" type="xstring" value="Col180"/>
<entry key="180" type="xstring" value="Col181"/>
<entry key="181" type="xstring" value="Col182"/>
<entry key="182" type="xstring" value="Col183"/>
<entry key="183" type="xstring" value="Col184"/>
<entry key="184" type="xstring" value="Col185"/>
<entry key="185" type="xstring" value="Col186"/>
<entry key="186" type="xstring" value="Col187"/>
<entry key="187" type="xstring" value="Col188"/>
<entry key="188" type="xstring" value="Col189"/>
<entry key="189" type="xstring" value="Col190"/>
<entry key="190" type="xstring" value="Col191"/>
<entry key="191" type="xstring" value="Col192"/>
<entry key="192" type="xstring" value="Col193"/>
<entry key="193" type="xstring" value="Col194"/>
<entry key="194" type="xstring" value="Col195"/>
<entry key="195" type="xstring" value="Col196"/>
<entry key="196" type="xstring" value="Col197"/>
<entry key="197" type="xstring" value="Col198"/>
<entry key="198" type="xstring" value="Col199"/>
<entry key="199" type="xstring" value="Col200"/>
<entry key="200" type="xstring" value="Col201"/>
<entry key="201" type="xstring" value="Col202"/>
<entry key="202" type="xstring" value="Col203"/>
<entry key="203" type="xstring" value="Col204"/>
<entry key="204" type="xstring" value="Col205"/>
<entry key="205" type="xstring" value="Col206"/>
<entry key="206" type="xstring" value="Col207"/>
<entry key="207" type="xstring" value="Col208"/>
<entry key="208" type="xstring" value="Col209"/>
<entry key="209" type="xstring" value="Col210"/>
<entry key="210" type="xstring" value="Col211"/>
<entry key="211" type="xstring" value="Col212"/>
<entry key="212" type="xstring" value="Col213"/>
<entry key="213" type="xstring" value="Col214"/>
<entry key="214" type="xstring" value="Col215"/>
<entry key="215" type="xstring" value="Col216"/>
<entry key="216" type="xstring" value="Col217"/>
<entry key="217" type="xstring" value="Col218"/>
<entry key="218" type="xstring" value="Col219"/>
<entry key="219" type="xstring" value="Col220"/>
<entry key="220" type="xstring" value="Col221"/>
<entry key="221" type="xstring" value="Col222"/>
<entry key="222" type="xstring" value="Col223"/>
<entry key="223" type="xstring" value="Col224"/>
<entry key="224" type="xstring" value="Col225"/>
<entry key="225" type="xstring" value="Col226"/>
<entry key="226" type="xstring" value="Col227"/>
<entry key="227" type="xstring" value="Col228"/>
<entry key="228" type="xstring" value="Col229"/>
<entry key="229" type="xstring" value="Col230"/>
<entry key="230" type="xstring" value="Col231"/>
<entry key="231" type="xstring" value="Col232"/>
<entry key="232" type="xstring" value="Col233"/>
<entry key="233" type="xstring" value="Col234"/>
<entry key="234" type="xstring" value="Col235"/>
<entry key="235" type="xstring" value="Col236"/>
<entry key="236" type="xstring" value="Col237"/>
<entry key="237" type="xstring" value="Col238"/>
<entry key="238" type="xstring" value="Col239"/>
<entry key="239" type="xstring" value="Col240"/>
<entry key="240" type="xstring" value="Col241"/>
<entry key="241" type="xstring" value="Col242"/>
<entry key="242" type="xstring" value="Col243"/>
<entry key="243" type="xstring" value="Col244"/>
<entry key="244" type="xstring" value="Col245"/>
<entry key="245" type="xstring" value="Col246"/>
<entry key="246" type="xstring" value="Col247"/>
<entry key="247" type="xstring" value="Col248"/>
<entry key="248" type="xstring" value="Col249"/>
<entry key="249" type="xstring" value="Col250"/>
<entry key="250" type="xstring" value="Col251"/>
<entry key="251" type="xstring" value="Col252"/>
<entry key="252" type="xstring" value="Col253"/>
<entry key="253" type="xstring" value="Col254"/>
<entry key="254" type="xstring" value="Col255"/>
<entry key="255" type="xstring" value="Col256"/>
<entry key="256" type="xstring" value="Col257"/>
<entry key="257" type="xstring" value="Col258"/>
<entry key="258" type="xstring" value="Col259"/>
<entry key="259" type="xstring" value="Col260"/>
<entry key="260" type="xstring" value="Col261"/>
<entry key="261" type="xstring" value="Col262"/>
<entry key="262" type="xstring" value="Col263"/>
<entry key="263" type="xstring" value="Col264"/>
<entry key="264" type="xstring" value="Col265"/>
<entry key="265" type="xstring" value="Col266"/>
<entry key="266" type="xstring" value="Col267"/>
<entry key="267" type="xstring" value="Col268"/>
<entry key="268" type="xstring" value="Col269"/>
<entry key="269" type="xstring" value="Col270"/>
<entry key="270" type="xstring" value="Col271"/>
<entry key="271" type="xstring" value="Col272"/>
<entry key="272" type="xstring" value="Col273"/>
<entry key="273" type="xstring" value="Col274"/>
<entry key="274" type="xstring" value="Col275"/>
<entry key="275" type="xstring" value="Col276"/>
<entry key="276" type="xstring" value="Col277"/>
<entry key="277" type="xstring" value="Col278"/>
<entry key="278" type="xstring" value="Col279"/>
<entry key="279" type="xstring" value="Col280"/>
<entry key="280" type="xstring" value="Col281"/>
<entry key="281" type="xstring" value="Col282"/>
<entry key="282" type="xstring" value="Col283"/>
<entry key="283" type="xstring" value="Col284"/>
<entry key="284" type="xstring" value="Col285"/>
<entry key="285" type="xstring" value="Col286"/>
<entry key="286" type="xstring" value="Col287"/>
<entry key="287" type="xstring" value="Col288"/>
<entry key="288" type="xstring" value="Col289"/>
<entry key="289" type="xstring" value="Col290"/>
<entry key="290" type="xstring" value="Col291"/>
<entry key="291" type="xstring" value="Col292"/>
<entry key="292" type="xstring" value="Col293"/>
<entry key="293" type="xstring" value="Col294"/>
<entry key="294" type="xstring" value="Col295"/>
<entry key="295" type="xstring" value="Col296"/>
<entry key="296" type="xstring" value="Col297"/>
<entry key="297" type="xstring" value="Col298"/>
<entry key="298" type="xstring" value="Col299"/>
<entry key="299" type="xstring" value="Col300"/>
<entry key="300" type="xstring" value="Col301"/>
<entry key="301" type="xstring" value="Col302"/>
<entry key="302" type="xstring" value="Col303"/>
<entry key="303" type="xstring" value="Col304"/>
<entry key="304" type="xstring" value="Col305"/>
<entry key="305" type="xstring" value="Col306"/>
<entry key="306" type="xstring" value="Col307"/>
<entry key="307" type="xstring" value="Col308"/>
<entry key="308" type="xstring" value="Col309"/>
<entry key="309" type="xstring" value="Col310"/>
<entry key="310" type="xstring" value="Col311"/>
<entry key="311" type="xstring" value="Col312"/>
<entry key="312" type="xstring" value="Col313"/>
<entry key="313" type="xstring" value="Col314"/>
<entry key="314" type="xstring" value="Col315"/>
<entry key="315" type="xstring" value="Col316"/>
<entry key="316" type="xstring" value="Col317"/>
<entry key="317" type="xstring" value="Col318"/>
<entry key="318" type="xstring" value="Col319"/>
<entry key="319" type="xstring" value="Col320"/>
<entry key="320" type="xstring" value="Col321"/>
<entry key="321" type="xstring" value="Col322"/>
<entry key="322" type="xstring" value="Col323"/>
<entry key="323" type="xstring" value="Col324"/>
<entry key="324" type="xstring" value="Col325"/>
<entry key="325" type="xstring" value="Col326"/>
<entry key="326" type="xstring" value="Col327"/>
<entry key="327" type="xstring" value="Col328"/>
<entry key="328" type="xstring" value="Col329"/>
<entry key="329" type="xstring" value="Col330"/>
<entry key="330" type="xstring" value="Col331"/>
<entry key="331" type="xstring" value="Col332"/>
<entry key="332" type="xstring" value="Col333"/>
<entry key="333" type="xstring" value="Col334"/>
<entry key="334" type="xstring" value="Col335"/>
<entry key="335" type="xstring" value="Col336"/>
<entry key="336" type="xstring" value="Col337"/>
<entry key="337" type="xstring" value="Col338"/>
<entry key="338" type="xstring" value="Col339"/>
<entry key="339" type="xstring" value="Col340"/>
<entry key="340" type="xstring" value="Col341"/>
<entry key="341" type="xstring" value="Col342"/>
<entry key="342" type="xstring" value="Col343"/>
<entry key="343" type="xstring" value="Col344"/>
<entry key="344" type="xstring" value="Col345"/>
<entry key="345" type="xstring" value="Col346"/>
<entry key="346" type="xstring" value="Col347"/>
<entry key="347" type="xstring" value="Col348"/>
<entry key="348" type="xstring" value="Col349"/>
<entry key="349" type="xstring" value="Col350"/>
<entry key="350" type="xstring" value="Col351"/>
<entry key="351" type="xstring" value="Col352"/>
<entry key="352" type="xstring" value="Col353"/>
<entry key="353" type="xstring" value="Col354"/>
<entry key="354" type="xstring" value="Col355"/>
<entry key="355" type="xstring" value="Col356"/>
<entry key="356" type="xstring" value="Col357"/>
<entry key="357" type="xstring" value="Col358"/>
<entry key="358" type="xstring" value="Col359"/>
<entry key="359" type="xstring" value="Col360"/>
<entry key="360" type="xstring" value="Col361"/>
<entry key="361" type="xstring" value="Col362"/>
<entry key="362" type="xstring" value="Col363"/>
<entry key="363" type="xstring" value="Col364"/>
<entry key="364" type="xstring" value="Col365"/>
<entry key="365" type="xstring" value="Col366"/>
<entry key="366" type="xstring" value="Col367"/>
<entry key="367" type="xstring" value="Col368"/>
<entry key="368" type="xstring" value="Col369"/>
<entry key="369" type="xstring" value="Col370"/>
<entry key="370" type="xstring" value="Col371"/>
<entry key="371" type="xstring" value="Col372"/>
<entry key="372" type="xstring" value="Col373"/>
<entry key="373" type="xstring" value="Col374"/>
<entry key="374" type="xstring" value="Col375"/>
<entry key="375" type="xstring" value="Col376"/>
<entry key="376" type="xstring" value="Col377"/>
<entry key="377" type="xstring" value="Col378"/>
<entry key="378" type="xstring" value="Col379"/>
<entry key="379" type="xstring" value="Col380"/>
<entry key="380" type="xstring" value="Col381"/>
<entry key="381" type="xstring" value="Col382"/>
<entry key="382" type="xstring" value="Col383"/>
<entry key="383" type="xstring" value="Col384"/>
<entry key="384" type="xstring" value="Col385"/>
<entry key="385" type="xstring" value="Col386"/>
<entry key="386" type="xstring" value="Col387"/>
<entry key="387" type="xstring" value="Col388"/>
<entry key="388" type="xstring" value="Col389"/>
<entry key="389" type="xstring" value="Col390"/>
<entry key="390" type="xstring" value="Col391"/>
<entry key="391" type="xstring" value="Col392"/>
<entry key="392" type="xstring" value="Col393"/>
<entry key="393" type="xstring" value="Col394"/>
<entry key="394" type="xstring" value="Col395"/>
<entry key="395" type="xstring" value="Col396"/>
<entry key="396" type="xstring" value="Col397"/>
<entry key="397" type="xstring" value="Col398"/>
<entry key="398" type="xstring" value="Col399"/>
<entry key="399" type="xstring" value="Col400"/>
<entry key="400" type="xstring" value="Col401"/>
<entry key="401" type="xstring" value="Col402"/>
<entry key="402" type="xstring" value="Col403"/>
<entry key="403" type="xstring" value="Col404"/>
<entry key="404" type="xstring" value="Col405"/>
<entry key="405" type="xstring" value="Col406"/>
<entry key="406" type="xstring" value="Col407"/>
<entry key="407" type="xstring" value="Col408"/>
<entry key="408" type="xstring" value="Col409"/>
<entry key="409" type="xstring" value="Col410"/>
<entry key="410" type="xstring" value="Col411"/>
<entry key="411" type="xstring" value="Col412"/>
<entry key="412" type="xstring" value="Col413"/>
<entry key="413" type="xstring" value="Col414"/>
<entry key="414" type="xstring" value="Col415"/>
<entry key="415" type="xstring" value="Col416"/>
<entry key="416" type="xstring" value="Col417"/>
<entry key="417" type="xstring" value="Col418"/>
<entry key="418" type="xstring" value="Col419"/>
<entry key="419" type="xstring" value="Col420"/>
<entry key="420" type="xstring" value="Col421"/>
<entry key="421" type="xstring" value="Col422"/>
<entry key="422" type="xstring" value="Col423"/>
<entry key="423" type="xstring" value="Col424"/>
<entry key="424" type="xstring" value="Col425"/>
<entry key="425" type="xstring" value="Col426"/>
<entry key="426" type="xstring" value="Col427"/>
<entry key="427" type="xstring" value="Col428"/>
<entry key="428" type="xstring" value="Col429"/>
<entry key="429" type="xstring" value="Col430"/>
<entry key="430" type="xstring" value="Col431"/>
<entry key="431" type="xstring" value="Col432"/>
<entry key="432" type="xstring" value="Col433"/>
<entry key="433" type="xstring" value="Col434"/>
<entry key="434" type="xstring" value="Col435"/>
<entry key="435" type="xstring" value="Col436"/>
<entry key="436" type="xstring" value="Col437"/>
<entry key="437" type="xstring" value="Col438"/>
<entry key="438" type="xstring" value="Col439"/>
<entry key="439" type="xstring" value="Col440"/>
<entry key="440" type="xstring" value="Col441"/>
<entry key="441" type="xstring" value="Col442"/>
<entry key="442" type="xstring" value="Col443"/>
<entry key="443" type="xstring" value="Col444"/>
<entry key="444" type="xstring" value="Col445"/>
<entry key="445" type="xstring" value="Col446"/>
<entry key="446" type="xstring" value="Col447"/>
<entry key="447" type="xstring" value="Col448"/>
<entry key="448" type="xstring" value="Col449"/>
<entry key="449" type="xstring" value="Col450"/>
<entry key="450" type="xstring" value="Col451"/>
<entry key="451" type="xstring" value="Col452"/>
<entry key="452" type="xstring" value="Col453"/>
<entry key="453" type="xstring" value="Col454"/>
<entry key="454" type="xstring" value="Col455"/>
<entry key="455" type="xstring" value="Col456"/>
<entry key="456" type="xstring" value="Col457"/>
<entry key="457" type="xstring" value="Col458"/>
<entry key="458" type="xstring" value="Col459"/>
<entry key="459" type="xstring" value="Col460"/>
<entry key="460" type="xstring" value="Col461"/>
<entry key="461" type="xstring" value="Col462"/>
<entry key="462" type="xstring" value="Col463"/>
<entry key="463" type="xstring" value="Col464"/>
<entry key="464" type="xstring" value="Col465"/>
<entry key="465" type="xstring" value="Col466"/>
<entry key="466" type="xstring" value="Col467"/>
<entry key="467" type="xstring" value="Col468"/>
<entry key="468" type="xstring" value="Col469"/>
<entry key="469" type="xstring" value="Col470"/>
<entry key="470" type="xstring" value="Col471"/>
<entry key="471" type="xstring" value="Col472"/>
<entry key="472" type="xstring" value="Col473"/>
<entry key="473" type="xstring" value="Col474"/>
<entry key="474" type="xstring" value="Col475"/>
<entry key="475" type="xstring" value="Col476"/>
<entry key="476" type="xstring" value="Col477"/>
<entry key="477" type="xstring" value="Col478"/>
<entry key="478" type="xstring" value="Col479"/>
<entry key="479" type="xstring" value="Col480"/>
<entry key="480" type="xstring" value="Col481"/>
<entry key="481" type="xstring" value="Col482"/>
<entry key="482" type="xstring" value="Col483"/>
<entry key="483" type="xstring" value="Col484"/>
<entry key="484" type="xstring" value="Col485"/>
<entry key="485" type="xstring" value="Col486"/>
<entry key="486" type="xstring" value="Col487"/>
<entry key="487" type="xstring" value="Col488"/>
<entry key="488" type="xstring" value="Col489"/>
<entry key="489" type="xstring" value="Col490"/>
<entry key="490" type="xstring" value="Col491"/>
<entry key="491" type="xstring" value="Col492"/>
<entry key="492" type="xstring" value="Col493"/>
<entry key="493" type="xstring" value="Col494"/>
<entry key="494" type="xstring" value="Col495"/>
<entry key="495" type="xstring" value="Col496"/>
<entry key="496" type="xstring" value="Col497"/>
<entry key="497" type="xstring" value="Col498"/>
<entry key="498" type="xstring" value="Col499"/>
<entry key="499" type="xstring" value="Col500"/>
<entry key="500" type="xstring" value="Col501"/>
<entry key="501" type="xstring" value="Col502"/>
<entry key="502" type="xstring" value="Col503"/>
<entry key="503" type="xstring" value="Col504"/>
<entry key="504" type="xstring" value="Col505"/>
<entry key="505" type="xstring" value="Col506"/>
<entry key="506" type="xstring" value="Col507"/>
<entry key="507" type="xstring" value="Col508"/>
<entry key="508" type="xstring" value="Col509"/>
<entry key="509" type="xstring" value="Col510"/>
<entry key="510" type="xstring" value="Col511"/>
<entry key="511" type="xstring" value="Col512"/>
<entry key="512" type="xstring" value="Col513"/>
<entry key="513" type="xstring" value="Col514"/>
<entry key="514" type="xstring" value="Col515"/>
<entry key="515" type="xstring" value="Col516"/>
<entry key="516" type="xstring" value="Col517"/>
<entry key="517" type="xstring" value="Col518"/>
<entry key="518" type="xstring" value="Col519"/>
<entry key="519" type="xstring" value="Col520"/>
<entry key="520" type="xstring" value="Col521"/>
<entry key="521" type="xstring" value="Col522"/>
<entry key="522" type="xstring" value="Col523"/>
<entry key="523" type="xstring" value="Col524"/>
<entry key="524" type="xstring" value="Col525"/>
<entry key="525" type="xstring" value="Col526"/>
<entry key="526" type="xstring" value="Col527"/>
<entry key="527" type="xstring" value="Col528"/>
<entry key="528" type="xstring" value="Col529"/>
<entry key="529" type="xstring" value="Col530"/>
<entry key="530" type="xstring" value="Col531"/>
<entry key="531" type="xstring" value="Col532"/>
<entry key="532" type="xstring" value="Col533"/>
<entry key="533" type="xstring" value="Col534"/>
<entry key="534" type="xstring" value="Col535"/>
<entry key="535" type="xstring" value="Col536"/>
<entry key="536" type="xstring" value="Col537"/>
<entry key="537" type="xstring" value="Col538"/>
<entry key="538" type="xstring" value="Col539"/>
<entry key="539" type="xstring" value="Col540"/>
<entry key="540" type="xstring" value="Col541"/>
<entry key="541" type="xstring" value="Col542"/>
<entry key="542" type="xstring" value="Col543"/>
<entry key="543" type="xstring" value="Col544"/>
<entry key="544" type="xstring" value="Col545"/>
<entry key="545" type="xstring" value="Col546"/>
<entry key="546" type="xstring" value="Col547"/>
<entry key="547" type="xstring" value="Col548"/>
<entry key="548" type="xstring" value="Col549"/>
<entry key="549" type="xstring" value="Col550"/>
<entry key="550" type="xstring" value="Col551"/>
<entry key="551" type="xstring" value="Col552"/>
<entry key="552" type="xstring" value="Col553"/>
<entry key="553" type="xstring" value="Col554"/>
<entry key="554" type="xstring" value="Col555"/>
<entry key="555" type="xstring" value="Col556"/>
<entry key="556" type="xstring" value="Col557"/>
<entry key="557" type="xstring" value="Col558"/>
<entry key="558" type="xstring" value="Col559"/>
<entry key="559" type="xstring" value="Col560"/>
<entry key="560" type="xstring" value="Col561"/>
<entry key="561" type="xstring" value="Col562"/>
<entry key="562" type="xstring" value="Col563"/>
<entry key="563" type="xstring" value="Col564"/>
<entry key="564" type="xstring" value="Col565"/>
<entry key="565" type="xstring" value="Col566"/>
<entry key="566" type="xstring" value="Col567"/>
<entry key="567" type="xstring" value="Col568"/>
<entry key="568" type="xstring" value="Col569"/>
<entry key="569" type="xstring" value="Col570"/>
<entry key="570" type="xstring" value="Col571"/>
<entry key="571" type="xstring" value="Col572"/>
<entry key="572" type="xstring" value="Col573"/>
<entry key="573" type="xstring" value="Col574"/>
<entry key="574" type="xstring" value="Col575"/>
<entry key="575" type="xstring" value="Col576"/>
</config>
<config key="target">
<entry key="array-size" type="xint" value="1"/>
<entry key="0" type="xstring" value="TermClass"/>
</config>
</config>
