<?xml version="1.0" encoding="UTF-8"?>
<config xmlns="http://www.knime.org/2008/09/XMLConfig" xmlns:xsi="http://www.w3.org/2001/XMLSchema-instance" xsi:schemaLocation="http://www.knime.org/2008/09/XMLConfig http://www.knime.org/XMLConfig_2008_09.xsd" key="MiningSchema">
<config key="learning">
<entry key="array-size" type="xint" value="1024"/>
<entry key="0" type="xstring" value="Col409"/>
<entry key="1" type="xstring" value="Col246"/>
<entry key="2" type="xstring" value="Col408"/>
<entry key="3" type="xstring" value="Col247"/>
<entry key="4" type="xstring" value="Col248"/>
<entry key="5" type="xstring" value="Col249"/>
<entry key="6" type="xstring" value="Col405"/>
<entry key="7" type="xstring" value="Col242"/>
<entry key="8" type="xstring" value="Col404"/>
<entry key="9" type="xstring" value="Col243"/>
<entry key="10" type="xstring" value="Col407"/>
<entry key="11" type="xstring" value="Col244"/>
<entry key="12" type="xstring" value="Col406"/>
<entry key="13" type="xstring" value="Col245"/>
<entry key="14" type="xstring" value="Col401"/>
<entry key="15" type="xstring" value="Col400"/>
<entry key="16" type="xstring" value="Col403"/>
<entry key="17" type="xstring" value="Col402"/>
<entry key="18" type="xstring" value="Col809"/>
<entry key="19" type="xstring" value="Col808"/>
<entry key="20" type="xstring" value="Col815"/>
<entry key="21" type="xstring" value="Col816"/>
<entry key="22" type="xstring" value="Col817"/>
<entry key="23" type="xstring" value="Col600"/>
<entry key="24" type="xstring" value="Col818"/>
<entry key="25" type="xstring" value="Col601"/>
<entry key="26" type="xstring" value="Col811"/>
<entry key="27" type="xstring" value="Col812"/>
<entry key="28" type="xstring" value="Col813"/>
<entry key="29" type="xstring" value="Col814"/>
<entry key="30" type="xstring" value="Col606"/>
<entry key="31" type="xstring" value="Col607"/>
<entry key="32" type="xstring" value="Col608"/>
<entry key="33" type="xstring" value="Col241"/>
<entry key="34" type="xstring" value="Col810"/>
<entry key="35" type="xstring" value="Col609"/>
<entry key="36" type="xstring" value="Col240"/>
<entry key="37" type="xstring" value="Col602"/>
<entry key="38" type="xstring" value="Col603"/>
<entry key="39" type="xstring" value="Col604"/>
<entry key="40" type="xstring" value="Col605"/>
<entry key="41" type="xstring" value="Col259"/>
<entry key="42" type="xstring" value="Col257"/>
<entry key="43" type="xstring" value="Col419"/>
<entry key="44" type="xstring" value="Col258"/>
<entry key="45" type="xstring" value="Col418"/>
<entry key="46" type="xstring" value="Col255"/>
<entry key="47" type="xstring" value="Col417"/>
<entry key="48" type="xstring" value="Col256"/>
<entry key="49" type="xstring" value="Col416"/>
<entry key="50" type="xstring" value="Col253"/>
<entry key="51" type="xstring" value="Col415"/>
<entry key="52" type="xstring" value="Col254"/>
<entry key="53" type="xstring" value="Col414"/>
<entry key="54" type="xstring" value="Col413"/>
<entry key="55" type="xstring" value="Col412"/>
<entry key="56" type="xstring" value="Col411"/>
<entry key="57" type="xstring" value="Col410"/>
<entry key="58" type="xstring" value="Col806"/>
<entry key="59" type="xstring" value="Col611"/>
<entry key="60" type="xstring" value="Col807"/>
<entry key="61" type="xstring" value="Col612"/>
<entry key="62" type="xstring" value="Col804"/>
<entry key="63" type="xstring" value="Col805"/>
<entry key="64" type="xstring" value="Col610"/>
<entry key="65" type="xstring" value="Col802"/>
<entry key="66" type="xstring" value="Col803"/>
<entry key="67" type="xstring" value="Col800"/>
<entry key="68" type="xstring" value="Col801"/>
<entry key="69" type="xstring" value="Col619"/>
<entry key="70" type="xstring" value="Col252"/>
<entry key="71" type="xstring" value="Col251"/>
<entry key="72" type="xstring" value="Col617"/>
<entry key="73" type="xstring" value="Col250"/>
<entry key="74" type="xstring" value="Col618"/>
<entry key="75" type="xstring" value="Col615"/>
<entry key="76" type="xstring" value="Col616"/>
<entry key="77" type="xstring" value="Col613"/>
<entry key="78" type="xstring" value="Col614"/>
<entry key="79" type="xstring" value="Col220"/>
<entry key="80" type="xstring" value="Col221"/>
<entry key="81" type="xstring" value="Col222"/>
<entry key="82" type="xstring" value="Col223"/>
<entry key="83" type="xstring" value="Col224"/>
<entry key="84" type="xstring" value="Col225"/>
<entry key="85" type="xstring" value="Col226"/>
<entry key="86" type="xstring" value="Col227"/>
<entry key="87" type="xstring" value="Col228"/>
<entry key="88" type="xstring" value="Col229"/>
<entry key="89" type="xstring" value="Col233"/>
<entry key="90" type="xstring" value="Col234"/>
<entry key="91" type="xstring" value="Col231"/>
<entry key="92" type="xstring" value="Col232"/>
<entry key="93" type="xstring" value="Col237"/>
<entry key="94" type="xstring" value="Col238"/>
<entry key="95" type="xstring" value="Col235"/>
<entry key="96" type="xstring" value="Col236"/>
<entry key="97" type="xstring" value="Col239"/>
<entry key="98" type="xstring" value="Col230"/>
<entry key="99" type="xstring" value="Col207"/>
<entry key="100" type="xstring" value="Col206"/>
<entry key="101" type="xstring" value="Col209"/>
<entry key="102" type="xstring" value="Col208"/>
<entry key="103" type="xstring" value="Col203"/>
<entry key="104" type="xstring" value="Col202"/>
<entry key="105" type="xstring" value="Col205"/>
<entry key="106" type="xstring" value="Col204"/>
<entry key="107" type="xstring" value="Col201"/>
<entry key="108" type="xstring" value="Col200"/>
<entry key="109" type="xstring" value="Col647"/>
<entry key="110" type="xstring" value="Col646"/>
<entry key="111" type="xstring" value="Col649"/>
<entry key="112" type="xstring" value="Col648"/>
<entry key="113" type="xstring" value="Col643"/>
<entry key="114" type="xstring" value="Col642"/>
<entry key="115" type="xstring" value="Col645"/>
<entry key="116" type="xstring" value="Col644"/>
<entry key="117" type="xstring" value="Col641"/>
<entry key="118" type="xstring" value="Col640"/>
<entry key="119" type="xstring" value="Col219"/>
<entry key="120" type="xstring" value="Col218"/>
<entry key="121" type="xstring" value="Col217"/>
<entry key="122" type="xstring" value="Col216"/>
<entry key="123" type="xstring" value="Col215"/>
<entry key="124" type="xstring" value="Col214"/>
<entry key="125" type="xstring" value="Col213"/>
<entry key="126" type="xstring" value="Col212"/>
<entry key="127" type="xstring" value="Col211"/>
<entry key="128" type="xstring" value="Col210"/>
<entry key="129" type="xstring" value="Col659"/>
<entry key="130" type="xstring" value="Col658"/>
<entry key="131" type="xstring" value="Col657"/>
<entry key="132" type="xstring" value="Col656"/>
<entry key="133" type="xstring" value="Col655"/>
<entry key="134" type="xstring" value="Col654"/>
<entry key="135" type="xstring" value="Col653"/>
<entry key="136" type="xstring" value="Col652"/>
<entry key="137" type="xstring" value="Col651"/>
<entry key="138" type="xstring" value="Col650"/>
<entry key="139" type="xstring" value="Col625"/>
<entry key="140" type="xstring" value="Col624"/>
<entry key="141" type="xstring" value="Col627"/>
<entry key="142" type="xstring" value="Col626"/>
<entry key="143" type="xstring" value="Col629"/>
<entry key="144" type="xstring" value="Col628"/>
<entry key="145" type="xstring" value="Col621"/>
<entry key="146" type="xstring" value="Col620"/>
<entry key="147" type="xstring" value="Col623"/>
<entry key="148" type="xstring" value="Col622"/>
<entry key="149" type="xstring" value="Col638"/>
<entry key="150" type="xstring" value="Col637"/>
<entry key="151" type="xstring" value="Col636"/>
<entry key="152" type="xstring" value="Col635"/>
<entry key="153" type="xstring" value="Col639"/>
<entry key="154" type="xstring" value="Col630"/>
<entry key="155" type="xstring" value="Col634"/>
<entry key="156" type="xstring" value="Col633"/>
<entry key="157" type="xstring" value="Col632"/>
<entry key="158" type="xstring" value="Col631"/>
<entry key="159" type="xstring" value="Col899"/>
<entry key="160" type="xstring" value="Col897"/>
<entry key="161" type="xstring" value="Col53"/>
<entry key="162" type="xstring" value="Col898"/>
<entry key="163" type="xstring" value="Col54"/>
<entry key="164" type="xstring" value="Col895"/>
<entry key="165" type="xstring" value="Col51"/>
<entry key="166" type="xstring" value="Col896"/>
<entry key="167" type="xstring" value="Col52"/>
<entry key="168" type="xstring" value="Col893"/>
<entry key="169" type="xstring" value="Col894"/>
<entry key="170" type="xstring" value="Col50"/>
<entry key="171" type="xstring" value="Col891"/>
<entry key="172" type="xstring" value="Col892"/>
<entry key="173" type="xstring" value="Col890"/>
<entry key="174" type="xstring" value="Col49"/>
<entry key="175" type="xstring" value="Col48"/>
<entry key="176" type="xstring" value="Col47"/>
<entry key="177" type="xstring" value="Col46"/>
<entry key="178" type="xstring" value="Col45"/>
<entry key="179" type="xstring" value="Col44"/>
<entry key="180" type="xstring" value="Col888"/>
<entry key="181" type="xstring" value="Col889"/>
<entry key="182" type="xstring" value="Col884"/>
<entry key="183" type="xstring" value="Col40"/>
<entry key="184" type="xstring" value="Col885"/>
<entry key="185" type="xstring" value="Col41"/>
<entry key="186" type="xstring" value="Col886"/>
<entry key="187" type="xstring" value="Col42"/>
<entry key="188" type="xstring" value="Col887"/>
<entry key="189" type="xstring" value="Col43"/>
<entry key="190" type="xstring" value="Col880"/>
<entry key="191" type="xstring" value="Col881"/>
<entry key="192" type="xstring" value="Col882"/>
<entry key="193" type="xstring" value="Col883"/>
<entry key="194" type="xstring" value="Col38"/>
<entry key="195" type="xstring" value="Col37"/>
<entry key="196" type="xstring" value="Col39"/>
<entry key="197" type="xstring" value="Col34"/>
<entry key="198" type="xstring" value="Col33"/>
<entry key="199" type="xstring" value="Col36"/>
<entry key="200" type="xstring" value="Col35"/>
<entry key="201" type="xstring" value="Col879"/>
<entry key="202" type="xstring" value="Col877"/>
<entry key="203" type="xstring" value="Col878"/>
<entry key="204" type="xstring" value="Col871"/>
<entry key="205" type="xstring" value="Col872"/>
<entry key="206" type="xstring" value="Col870"/>
<entry key="207" type="xstring" value="Col875"/>
<entry key="208" type="xstring" value="Col31"/>
<entry key="209" type="xstring" value="Col876"/>
<entry key="210" type="xstring" value="Col32"/>
<entry key="211" type="xstring" value="Col873"/>
<entry key="212" type="xstring" value="Col874"/>
<entry key="213" type="xstring" value="Col30"/>
<entry key="214" type="xstring" value="Col25"/>
<entry key="215" type="xstring" value="Col24"/>
<entry key="216" type="xstring" value="Col23"/>
<entry key="217" type="xstring" value="Col22"/>
<entry key="218" type="xstring" value="Col29"/>
<entry key="219" type="xstring" value="Col28"/>
<entry key="220" type="xstring" value="Col27"/>
<entry key="221" type="xstring" value="Col26"/>
<entry key="222" type="xstring" value="Col866"/>
<entry key="223" type="xstring" value="Col867"/>
<entry key="224" type="xstring" value="Col868"/>
<entry key="225" type="xstring" value="Col869"/>
<entry key="226" type="xstring" value="Col860"/>
<entry key="227" type="xstring" value="Col861"/>
<entry key="228" type="xstring" value="Col862"/>
<entry key="229" type="xstring" value="Col863"/>
<entry key="230" type="xstring" value="Col864"/>
<entry key="231" type="xstring" value="Col20"/>
<entry key="232" type="xstring" value="Col865"/>
<entry key="233" type="xstring" value="Col21"/>
<entry key="234" type="xstring" value="Col12"/>
<entry key="235" type="xstring" value="Col11"/>
<entry key="236" type="xstring" value="Col14"/>
<entry key="237" type="xstring" value="Col13"/>
<entry key="238" type="xstring" value="Col16"/>
<entry key="239" type="xstring" value="Col15"/>
<entry key="240" type="xstring" value="Col18"/>
<entry key="241" type="xstring" value="Col17"/>
<entry key="242" type="xstring" value="Col19"/>
<entry key="243" type="xstring" value="Col854"/>
<entry key="244" type="xstring" value="Col284"/>
<entry key="245" type="xstring" value="Col10"/>
<entry key="246" type="xstring" value="Col853"/>
<entry key="247" type="xstring" value="Col285"/>
<entry key="248" type="xstring" value="Col852"/>
<entry key="249" type="xstring" value="Col282"/>
<entry key="250" type="xstring" value="Col851"/>
<entry key="251" type="xstring" value="Col283"/>
<entry key="252" type="xstring" value="Col850"/>
<entry key="253" type="xstring" value="Col280"/>
<entry key="254" type="xstring" value="Col281"/>
<entry key="255" type="xstring" value="Col859"/>
<entry key="256" type="xstring" value="Col858"/>
<entry key="257" type="xstring" value="Col857"/>
<entry key="258" type="xstring" value="Col856"/>
<entry key="259" type="xstring" value="Col855"/>
<entry key="260" type="xstring" value="Col289"/>
<entry key="261" type="xstring" value="Col288"/>
<entry key="262" type="xstring" value="Col287"/>
<entry key="263" type="xstring" value="Col286"/>
<entry key="264" type="xstring" value="Col841"/>
<entry key="265" type="xstring" value="Col293"/>
<entry key="266" type="xstring" value="Col840"/>
<entry key="267" type="xstring" value="Col294"/>
<entry key="268" type="xstring" value="Col843"/>
<entry key="269" type="xstring" value="Col295"/>
<entry key="270" type="xstring" value="Col842"/>
<entry key="271" type="xstring" value="Col296"/>
<entry key="272" type="xstring" value="Col290"/>
<entry key="273" type="xstring" value="Col291"/>
<entry key="274" type="xstring" value="Col292"/>
<entry key="275" type="xstring" value="Col849"/>
<entry key="276" type="xstring" value="Col848"/>
<entry key="277" type="xstring" value="Col845"/>
<entry key="278" type="xstring" value="Col844"/>
<entry key="279" type="xstring" value="Col847"/>
<entry key="280" type="xstring" value="Col846"/>
<entry key="281" type="xstring" value="Col298"/>
<entry key="282" type="xstring" value="Col297"/>
<entry key="283" type="xstring" value="Col299"/>
<entry key="284" type="xstring" value="Col832"/>
<entry key="285" type="xstring" value="Col262"/>
<entry key="286" type="xstring" value="Col831"/>
<entry key="287" type="xstring" value="Col263"/>
<entry key="288" type="xstring" value="Col830"/>
<entry key="289" type="xstring" value="Col260"/>
<entry key="290" type="xstring" value="Col261"/>
<entry key="291" type="xstring" value="Col836"/>
<entry key="292" type="xstring" value="Col835"/>
<entry key="293" type="xstring" value="Col834"/>
<entry key="294" type="xstring" value="Col833"/>
<entry key="295" type="xstring" value="Col839"/>
<entry key="296" type="xstring" value="Col838"/>
<entry key="297" type="xstring" value="Col837"/>
<entry key="298" type="xstring" value="Col267"/>
<entry key="299" type="xstring" value="Col266"/>
<entry key="300" type="xstring" value="Col265"/>
<entry key="301" type="xstring" value="Col264"/>
<entry key="302" type="xstring" value="Col269"/>
<entry key="303" type="xstring" value="Col268"/>
<entry key="304" type="xstring" value="Col270"/>
<entry key="305" type="xstring" value="Col271"/>
<entry key="306" type="xstring" value="Col272"/>
<entry key="307" type="xstring" value="Col821"/>
<entry key="308" type="xstring" value="Col273"/>
<entry key="309" type="xstring" value="Col820"/>
<entry key="310" type="xstring" value="Col274"/>
<entry key="311" type="xstring" value="Col823"/>
<entry key="312" type="xstring" value="Col822"/>
<entry key="313" type="xstring" value="Col825"/>
<entry key="314" type="xstring" value="Col824"/>
<entry key="315" type="xstring" value="Col827"/>
<entry key="316" type="xstring" value="Col826"/>
<entry key="317" type="xstring" value="Col829"/>
<entry key="318" type="xstring" value="Col828"/>
<entry key="319" type="xstring" value="Col819"/>
<entry key="320" type="xstring" value="Col276"/>
<entry key="321" type="xstring" value="Col275"/>
<entry key="322" type="xstring" value="Col278"/>
<entry key="323" type="xstring" value="Col277"/>
<entry key="324" type="xstring" value="Col279"/>
<entry key="325" type="xstring" value="Col8"/>
<entry key="326" type="xstring" value="Col9"/>
<entry key="327" type="xstring" value="Col4"/>
<entry key="328" type="xstring" value="Col5"/>
<entry key="329" type="xstring" value="Col6"/>
<entry key="330" type="xstring" value="Col7"/>
<entry key="331" type="xstring" value="Col1"/>
<entry key="332" type="xstring" value="Col2"/>
<entry key="333" type="xstring" value="Col3"/>
<entry key="334" type="xstring" value="Col398"/>
<entry key="335" type="xstring" value="Col399"/>
<entry key="336" type="xstring" value="Col396"/>
<entry key="337" type="xstring" value="Col397"/>
<entry key="338" type="xstring" value="Col780"/>
<entry key="339" type="xstring" value="Col788"/>
<entry key="340" type="xstring" value="Col787"/>
<entry key="341" type="xstring" value="Col786"/>
<entry key="342" type="xstring" value="Col785"/>
<entry key="343" type="xstring" value="Col784"/>
<entry key="344" type="xstring" value="Col783"/>
<entry key="345" type="xstring" value="Col782"/>
<entry key="346" type="xstring" value="Col781"/>
<entry key="347" type="xstring" value="Col395"/>
<entry key="348" type="xstring" value="Col394"/>
<entry key="349" type="xstring" value="Col393"/>
<entry key="350" type="xstring" value="Col392"/>
<entry key="351" type="xstring" value="Col391"/>
<entry key="352" type="xstring" value="Col390"/>
<entry key="353" type="xstring" value="Col789"/>
<entry key="354" type="xstring" value="Col389"/>
<entry key="355" type="xstring" value="Col385"/>
<entry key="356" type="xstring" value="Col386"/>
<entry key="357" type="xstring" value="Col387"/>
<entry key="358" type="xstring" value="Col388"/>
<entry key="359" type="xstring" value="Col790"/>
<entry key="360" type="xstring" value="Col791"/>
<entry key="361" type="xstring" value="Col797"/>
<entry key="362" type="xstring" value="Col796"/>
<entry key="363" type="xstring" value="Col799"/>
<entry key="364" type="xstring" value="Col798"/>
<entry key="365" type="xstring" value="Col793"/>
<entry key="366" type="xstring" value="Col792"/>
<entry key="367" type="xstring" value="Col795"/>
<entry key="368" type="xstring" value="Col794"/>
<entry key="369" type="xstring" value="Col382"/>
<entry key="370" type="xstring" value="Col381"/>
<entry key="371" type="xstring" value="Col384"/>
<entry key="372" type="xstring" value="Col383"/>
<entry key="373" type="xstring" value="Col380"/>
<entry key="374" type="xstring" value="Col572"/>
<entry key="375" type="xstring" value="Col573"/>
<entry key="376" type="xstring" value="Col574"/>
<entry key="377" type="xstring" value="Col575"/>
<entry key="378" type="xstring" value="Col576"/>
<entry key="379" type="xstring" value="Col370"/>
<entry key="380" type="xstring" value="Col577"/>
<entry key="381" type="xstring" value="Col371"/>
<entry key="382" type="xstring" value="Col578"/>
<entry key="383" type="xstring" value="Col372"/>
<entry key="384" type="xstring" value="Col579"/>
<entry key="385" type="xstring" value="Col373"/>
<entry key="386" type="xstring" value="Col375"/>
<entry key="387" type="xstring" value="Col374"/>
<entry key="388" type="xstring" value="Col377"/>
<entry key="389" type="xstring" value="Col376"/>
<entry key="390" type="xstring" value="Col379"/>
<entry key="391" type="xstring" value="Col378"/>
<entry key="392" type="xstring" value="Col571"/>
<entry key="393" type="xstring" value="Col570"/>
<entry key="394" type="xstring" value="Col563"/>
<entry key="395" type="xstring" value="Col564"/>
<entry key="396" type="xstring" value="Col561"/>
<entry key="397" type="xstring" value="Col562"/>
<entry key="398" type="xstring" value="Col567"/>
<entry key="399" type="xstring" value="Col361"/>
<entry key="400" type="xstring" value="Col568"/>
<entry key="401" type="xstring" value="Col362"/>
<entry key="402" type="xstring" value="Col565"/>
<entry key="403" type="xstring" value="Col566"/>
<entry key="404" type="xstring" value="Col360"/>
<entry key="405" type="xstring" value="Col569"/>
<entry key="406" type="xstring" value="Col366"/>
<entry key="407" type="xstring" value="Col365"/>
<entry key="408" type="xstring" value="Col364"/>
<entry key="409" type="xstring" value="Col363"/>
<entry key="410" type="xstring" value="Col560"/>
<entry key="411" type="xstring" value="Col369"/>
<entry key="412" type="xstring" value="Col368"/>
<entry key="413" type="xstring" value="Col367"/>
<entry key="414" type="xstring" value="Col554"/>
<entry key="415" type="xstring" value="Col555"/>
<entry key="416" type="xstring" value="Col556"/>
<entry key="417" type="xstring" value="Col350"/>
<entry key="418" type="xstring" value="Col557"/>
<entry key="419" type="xstring" value="Col351"/>
<entry key="420" type="xstring" value="Col550"/>
<entry key="421" type="xstring" value="Col551"/>
<entry key="422" type="xstring" value="Col552"/>
<entry key="423" type="xstring" value="Col553"/>
<entry key="424" type="xstring" value="Col558"/>
<entry key="425" type="xstring" value="Col559"/>
<entry key="426" type="xstring" value="Col357"/>
<entry key="427" type="xstring" value="Col356"/>
<entry key="428" type="xstring" value="Col359"/>
<entry key="429" type="xstring" value="Col358"/>
<entry key="430" type="xstring" value="Col353"/>
<entry key="431" type="xstring" value="Col352"/>
<entry key="432" type="xstring" value="Col355"/>
<entry key="433" type="xstring" value="Col354"/>
<entry key="434" type="xstring" value="Col545"/>
<entry key="435" type="xstring" value="Col546"/>
<entry key="436" type="xstring" value="Col340"/>
<entry key="437" type="xstring" value="Col543"/>
<entry key="438" type="xstring" value="Col544"/>
<entry key="439" type="xstring" value="Col541"/>
<entry key="440" type="xstring" value="Col542"/>
<entry key="441" type="xstring" value="Col540"/>
<entry key="442" type="xstring" value="Col549"/>
<entry key="443" type="xstring" value="Col547"/>
<entry key="444" type="xstring" value="Col548"/>
<entry key="445" type="xstring" value="Col349"/>
<entry key="446" type="xstring" value="Col348"/>
<entry key="447" type="xstring" value="Col347"/>
<entry key="448" type="xstring" value="Col346"/>
<entry key="449" type="xstring" value="Col345"/>
<entry key="450" type="xstring" value="Col344"/>
<entry key="451" type="xstring" value="Col343"/>
<entry key="452" type="xstring" value="Col342"/>
<entry key="453" type="xstring" value="Col341"/>
<entry key="454" type="xstring" value="Col330"/>
<entry key="455" type="xstring" value="Col331"/>
<entry key="456" type="xstring" value="Col332"/>
<entry key="457" type="xstring" value="Col333"/>
<entry key="458" type="xstring" value="Col334"/>
<entry key="459" type="xstring" value="Col335"/>
<entry key="460" type="xstring" value="Col336"/>
<entry key="461" type="xstring" value="Col337"/>
<entry key="462" type="xstring" value="Col338"/>
<entry key="463" type="xstring" value="Col339"/>
<entry key="464" type="xstring" value="Col321"/>
<entry key="465" type="xstring" value="Col322"/>
<entry key="466" type="xstring" value="Col320"/>
<entry key="467" type="xstring" value="Col325"/>
<entry key="468" type="xstring" value="Col326"/>
<entry key="469" type="xstring" value="Col323"/>
<entry key="470" type="xstring" value="Col324"/>
<entry key="471" type="xstring" value="Col329"/>
<entry key="472" type="xstring" value="Col327"/>
<entry key="473" type="xstring" value="Col328"/>
<entry key="474" type="xstring" value="Col599"/>
<entry key="475" type="xstring" value="Col598"/>
<entry key="476" type="xstring" value="Col595"/>
<entry key="477" type="xstring" value="Col594"/>
<entry key="478" type="xstring" value="Col597"/>
<entry key="479" type="xstring" value="Col596"/>
<entry key="480" type="xstring" value="Col590"/>
<entry key="481" type="xstring" value="Col312"/>
<entry key="482" type="xstring" value="Col591"/>
<entry key="483" type="xstring" value="Col313"/>
<entry key="484" type="xstring" value="Col592"/>
<entry key="485" type="xstring" value="Col314"/>
<entry key="486" type="xstring" value="Col593"/>
<entry key="487" type="xstring" value="Col315"/>
<entry key="488" type="xstring" value="Col310"/>
<entry key="489" type="xstring" value="Col311"/>
<entry key="490" type="xstring" value="Col316"/>
<entry key="491" type="xstring" value="Col317"/>
<entry key="492" type="xstring" value="Col318"/>
<entry key="493" type="xstring" value="Col319"/>
<entry key="494" type="xstring" value="Col589"/>
<entry key="495" type="xstring" value="Col588"/>
<entry key="496" type="xstring" value="Col587"/>
<entry key="497" type="xstring" value="Col586"/>
<entry key="498" type="xstring" value="Col585"/>
<entry key="499" type="xstring" value="Col584"/>
<entry key="500" type="xstring" value="Col583"/>
<entry key="501" type="xstring" value="Col581"/>
<entry key="502" type="xstring" value="Col303"/>
<entry key="503" type="xstring" value="Col582"/>
<entry key="504" type="xstring" value="Col304"/>
<entry key="505" type="xstring" value="Col301"/>
<entry key="506" type="xstring" value="Col580"/>
<entry key="507" type="xstring" value="Col302"/>
<entry key="508" type="xstring" value="Col300"/>
<entry key="509" type="xstring" value="Col309"/>
<entry key="510" type="xstring" value="Col307"/>
<entry key="511" type="xstring" value="Col308"/>
<entry key="512" type="xstring" value="Col305"/>
<entry key="513" type="xstring" value="Col306"/>
<entry key="514" type="xstring" value="Col908"/>
<entry key="515" type="xstring" value="Col107"/>
<entry key="516" type="xstring" value="Col907"/>
<entry key="517" type="xstring" value="Col108"/>
<entry key="518" type="xstring" value="Col109"/>
<entry key="519" type="xstring" value="Col909"/>
<entry key="520" type="xstring" value="Col500"/>
<entry key="521" type="xstring" value="Col502"/>
<entry key="522" type="xstring" value="Col501"/>
<entry key="523" type="xstring" value="Col504"/>
<entry key="524" type="xstring" value="Col503"/>
<entry key="525" type="xstring" value="Col100"/>
<entry key="526" type="xstring" value="Col506"/>
<entry key="527" type="xstring" value="Col101"/>
<entry key="528" type="xstring" value="Col505"/>
<entry key="529" type="xstring" value="Col102"/>
<entry key="530" type="xstring" value="Col508"/>
<entry key="531" type="xstring" value="Col103"/>
<entry key="532" type="xstring" value="Col507"/>
<entry key="533" type="xstring" value="Col104"/>
<entry key="534" type="xstring" value="Col105"/>
<entry key="535" type="xstring" value="Col509"/>
<entry key="536" type="xstring" value="Col106"/>
<entry key="537" type="xstring" value="Col701"/>
<entry key="538" type="xstring" value="Col702"/>
<entry key="539" type="xstring" value="Col703"/>
<entry key="540" type="xstring" value="Col704"/>
<entry key="541" type="xstring" value="Col705"/>
<entry key="542" type="xstring" value="Col706"/>
<entry key="543" type="xstring" value="Col707"/>
<entry key="544" type="xstring" value="Col708"/>
<entry key="545" type="xstring" value="Col910"/>
<entry key="546" type="xstring" value="Col911"/>
<entry key="547" type="xstring" value="Col912"/>
<entry key="548" type="xstring" value="Col913"/>
<entry key="549" type="xstring" value="Col914"/>
<entry key="550" type="xstring" value="Col915"/>
<entry key="551" type="xstring" value="Col916"/>
<entry key="552" type="xstring" value="Col917"/>
<entry key="553" type="xstring" value="Col700"/>
<entry key="554" type="xstring" value="Col118"/>
<entry key="555" type="xstring" value="Col119"/>
<entry key="556" type="xstring" value="Col513"/>
<entry key="557" type="xstring" value="Col512"/>
<entry key="558" type="xstring" value="Col511"/>
<entry key="559" type="xstring" value="Col510"/>
<entry key="560" type="xstring" value="Col517"/>
<entry key="561" type="xstring" value="Col112"/>
<entry key="562" type="xstring" value="Col516"/>
<entry key="563" type="xstring" value="Col113"/>
<entry key="564" type="xstring" value="Col515"/>
<entry key="565" type="xstring" value="Col110"/>
<entry key="566" type="xstring" value="Col709"/>
<entry key="567" type="xstring" value="Col514"/>
<entry key="568" type="xstring" value="Col111"/>
<entry key="569" type="xstring" value="Col116"/>
<entry key="570" type="xstring" value="Col117"/>
<entry key="571" type="xstring" value="Col519"/>
<entry key="572" type="xstring" value="Col114"/>
<entry key="573" type="xstring" value="Col518"/>
<entry key="574" type="xstring" value="Col115"/>
<entry key="575" type="xstring" value="Col714"/>
<entry key="576" type="xstring" value="Col715"/>
<entry key="577" type="xstring" value="Col712"/>
<entry key="578" type="xstring" value="Col713"/>
<entry key="579" type="xstring" value="Col718"/>
<entry key="580" type="xstring" value="Col719"/>
<entry key="581" type="xstring" value="Col716"/>
<entry key="582" type="xstring" value="Col717"/>
<entry key="583" type="xstring" value="Col901"/>
<entry key="584" type="xstring" value="Col902"/>
<entry key="585" type="xstring" value="Col900"/>
<entry key="586" type="xstring" value="Col905"/>
<entry key="587" type="xstring" value="Col710"/>
<entry key="588" type="xstring" value="Col906"/>
<entry key="589" type="xstring" value="Col711"/>
<entry key="590" type="xstring" value="Col903"/>
<entry key="591" type="xstring" value="Col904"/>
<entry key="592" type="xstring" value="Col522"/>
<entry key="593" type="xstring" value="Col521"/>
<entry key="594" type="xstring" value="Col524"/>
<entry key="595" type="xstring" value="Col523"/>
<entry key="596" type="xstring" value="Col129"/>
<entry key="597" type="xstring" value="Col929"/>
<entry key="598" type="xstring" value="Col520"/>
<entry key="599" type="xstring" value="Col125"/>
<entry key="600" type="xstring" value="Col529"/>
<entry key="601" type="xstring" value="Col126"/>
<entry key="602" type="xstring" value="Col127"/>
<entry key="603" type="xstring" value="Col128"/>
<entry key="604" type="xstring" value="Col526"/>
<entry key="605" type="xstring" value="Col121"/>
<entry key="606" type="xstring" value="Col525"/>
<entry key="607" type="xstring" value="Col122"/>
<entry key="608" type="xstring" value="Col528"/>
<entry key="609" type="xstring" value="Col123"/>
<entry key="610" type="xstring" value="Col527"/>
<entry key="611" type="xstring" value="Col124"/>
<entry key="612" type="xstring" value="Col727"/>
<entry key="613" type="xstring" value="Col728"/>
<entry key="614" type="xstring" value="Col930"/>
<entry key="615" type="xstring" value="Col729"/>
<entry key="616" type="xstring" value="Col120"/>
<entry key="617" type="xstring" value="Col931"/>
<entry key="618" type="xstring" value="Col723"/>
<entry key="619" type="xstring" value="Col724"/>
<entry key="620" type="xstring" value="Col725"/>
<entry key="621" type="xstring" value="Col726"/>
<entry key="622" type="xstring" value="Col936"/>
<entry key="623" type="xstring" value="Col937"/>
<entry key="624" type="xstring" value="Col720"/>
<entry key="625" type="xstring" value="Col938"/>
<entry key="626" type="xstring" value="Col721"/>
<entry key="627" type="xstring" value="Col939"/>
<entry key="628" type="xstring" value="Col722"/>
<entry key="629" type="xstring" value="Col932"/>
<entry key="630" type="xstring" value="Col933"/>
<entry key="631" type="xstring" value="Col934"/>
<entry key="632" type="xstring" value="Col935"/>
<entry key="633" type="xstring" value="Col535"/>
<entry key="634" type="xstring" value="Col534"/>
<entry key="635" type="xstring" value="Col533"/>
<entry key="636" type="xstring" value="Col532"/>
<entry key="637" type="xstring" value="Col531"/>
<entry key="638" type="xstring" value="Col530"/>
<entry key="639" type="xstring" value="Col919"/>
<entry key="640" type="xstring" value="Col918"/>
<entry key="641" type="xstring" value="Col138"/>
<entry key="642" type="xstring" value="Col139"/>
<entry key="643" type="xstring" value="Col136"/>
<entry key="644" type="xstring" value="Col137"/>
<entry key="645" type="xstring" value="Col539"/>
<entry key="646" type="xstring" value="Col134"/>
<entry key="647" type="xstring" value="Col538"/>
<entry key="648" type="xstring" value="Col135"/>
<entry key="649" type="xstring" value="Col537"/>
<entry key="650" type="xstring" value="Col132"/>
<entry key="651" type="xstring" value="Col536"/>
<entry key="652" type="xstring" value="Col133"/>
<entry key="653" type="xstring" value="Col131"/>
<entry key="654" type="xstring" value="Col920"/>
<entry key="655" type="xstring" value="Col130"/>
<entry key="656" type="xstring" value="Col738"/>
<entry key="657" type="xstring" value="Col739"/>
<entry key="658" type="xstring" value="Col736"/>
<entry key="659" type="xstring" value="Col737"/>
<entry key="660" type="xstring" value="Col734"/>
<entry key="661" type="xstring" value="Col735"/>
<entry key="662" type="xstring" value="Col927"/>
<entry key="663" type="xstring" value="Col732"/>
<entry key="664" type="xstring" value="Col928"/>
<entry key="665" type="xstring" value="Col733"/>
<entry key="666" type="xstring" value="Col925"/>
<entry key="667" type="xstring" value="Col730"/>
<entry key="668" type="xstring" value="Col926"/>
<entry key="669" type="xstring" value="Col731"/>
<entry key="670" type="xstring" value="Col923"/>
<entry key="671" type="xstring" value="Col924"/>
<entry key="672" type="xstring" value="Col921"/>
<entry key="673" type="xstring" value="Col922"/>
<entry key="674" type="xstring" value="Col740"/>
<entry key="675" type="xstring" value="Col742"/>
<entry key="676" type="xstring" value="Col741"/>
<entry key="677" type="xstring" value="Col744"/>
<entry key="678" type="xstring" value="Col743"/>
<entry key="679" type="xstring" value="Col746"/>
<entry key="680" type="xstring" value="Col745"/>
<entry key="681" type="xstring" value="Col748"/>
<entry key="682" type="xstring" value="Col747"/>
<entry key="683" type="xstring" value="Col749"/>
<entry key="684" type="xstring" value="Col751"/>
<entry key="685" type="xstring" value="Col750"/>
<entry key="686" type="xstring" value="Col755"/>
<entry key="687" type="xstring" value="Col754"/>
<entry key="688" type="xstring" value="Col753"/>
<entry key="689" type="xstring" value="Col752"/>
<entry key="690" type="xstring" value="Col759"/>
<entry key="691" type="xstring" value="Col758"/>
<entry key="692" type="xstring" value="Col757"/>
<entry key="693" type="xstring" value="Col756"/>
<entry key="694" type="xstring" value="Col764"/>
<entry key="695" type="xstring" value="Col763"/>
<entry key="696" type="xstring" value="Col766"/>
<entry key="697" type="xstring" value="Col765"/>
<entry key="698" type="xstring" value="Col760"/>
<entry key="699" type="xstring" value="Col762"/>
<entry key="700" type="xstring" value="Col761"/>
<entry key="701" type="xstring" value="Col768"/>
<entry key="702" type="xstring" value="Col767"/>
<entry key="703" type="xstring" value="Col769"/>
<entry key="704" type="xstring" value="Col777"/>
<entry key="705" type="xstring" value="Col776"/>
<entry key="706" type="xstring" value="Col775"/>
<entry key="707" type="xstring" value="Col774"/>
<entry key="708" type="xstring" value="Col773"/>
<entry key="709" type="xstring" value="Col772"/>
<entry key="710" type="xstring" value="Col771"/>
<entry key="711" type="xstring" value="Col770"/>
<entry key="712" type="xstring" value="Col779"/>
<entry key="713" type="xstring" value="Col778"/>
<entry key="714" type="xstring" value="Col992"/>
<entry key="715" type="xstring" value="Col182"/>
<entry key="716" type="xstring" value="Col993"/>
<entry key="717" type="xstring" value="Col181"/>
<entry key="718" type="xstring" value="Col990"/>
<entry key="719" type="xstring" value="Col180"/>
<entry key="720" type="xstring" value="Col991"/>
<entry key="721" type="xstring" value="Col996"/>
<entry key="722" type="xstring" value="Col186"/>
<entry key="723" type="xstring" value="Col997"/>
<entry key="724" type="xstring" value="Col185"/>
<entry key="725" type="xstring" value="Col994"/>
<entry key="726" type="xstring" value="Col184"/>
<entry key="727" type="xstring" value="Col995"/>
<entry key="728" type="xstring" value="Col183"/>
<entry key="729" type="xstring" value="Col998"/>
<entry key="730" type="xstring" value="Col999"/>
<entry key="731" type="xstring" value="Col189"/>
<entry key="732" type="xstring" value="Col187"/>
<entry key="733" type="xstring" value="Col188"/>
<entry key="734" type="xstring" value="Col191"/>
<entry key="735" type="xstring" value="Col980"/>
<entry key="736" type="xstring" value="Col190"/>
<entry key="737" type="xstring" value="Col981"/>
<entry key="738" type="xstring" value="Col193"/>
<entry key="739" type="xstring" value="Col982"/>
<entry key="740" type="xstring" value="Col192"/>
<entry key="741" type="xstring" value="Col983"/>
<entry key="742" type="xstring" value="Col195"/>
<entry key="743" type="xstring" value="Col984"/>
<entry key="744" type="xstring" value="Col194"/>
<entry key="745" type="xstring" value="Col985"/>
<entry key="746" type="xstring" value="Col197"/>
<entry key="747" type="xstring" value="Col986"/>
<entry key="748" type="xstring" value="Col196"/>
<entry key="749" type="xstring" value="Col987"/>
<entry key="750" type="xstring" value="Col988"/>
<entry key="751" type="xstring" value="Col989"/>
<entry key="752" type="xstring" value="Col198"/>
<entry key="753" type="xstring" value="Col199"/>
<entry key="754" type="xstring" value="Col957"/>
<entry key="755" type="xstring" value="Col956"/>
<entry key="756" type="xstring" value="Col955"/>
<entry key="757" type="xstring" value="Col954"/>
<entry key="758" type="xstring" value="Col959"/>
<entry key="759" type="xstring" value="Col958"/>
<entry key="760" type="xstring" value="Col953"/>
<entry key="761" type="xstring" value="Col141"/>
<entry key="762" type="xstring" value="Col952"/>
<entry key="763" type="xstring" value="Col142"/>
<entry key="764" type="xstring" value="Col951"/>
<entry key="765" type="xstring" value="Col950"/>
<entry key="766" type="xstring" value="Col140"/>
<entry key="767" type="xstring" value="Col146"/>
<entry key="768" type="xstring" value="Col145"/>
<entry key="769" type="xstring" value="Col144"/>
<entry key="770" type="xstring" value="Col143"/>
<entry key="771" type="xstring" value="Col149"/>
<entry key="772" type="xstring" value="Col148"/>
<entry key="773" type="xstring" value="Col147"/>
<entry key="774" type="xstring" value="Col1023"/>
<entry key="775" type="xstring" value="Col944"/>
<entry key="776" type="xstring" value="Col1024"/>
<entry key="777" type="xstring" value="Col943"/>
<entry key="778" type="xstring" value="Col946"/>
<entry key="779" type="xstring" value="Col945"/>
<entry key="780" type="xstring" value="Col948"/>
<entry key="781" type="xstring" value="Col947"/>
<entry key="782" type="xstring" value="Col949"/>
<entry key="783" type="xstring" value="Col940"/>
<entry key="784" type="xstring" value="Col150"/>
<entry key="785" type="xstring" value="Col151"/>
<entry key="786" type="xstring" value="Col942"/>
<entry key="787" type="xstring" value="Col152"/>
<entry key="788" type="xstring" value="Col941"/>
<entry key="789" type="xstring" value="Col153"/>
<entry key="790" type="xstring" value="Col155"/>
<entry key="791" type="xstring" value="Col154"/>
<entry key="792" type="xstring" value="Col157"/>
<entry key="793" type="xstring" value="Col156"/>
<entry key="794" type="xstring" value="Col159"/>
<entry key="795" type="xstring" value="Col158"/>
<entry key="796" type="xstring" value="Col979"/>
<entry key="797" type="xstring" value="Col978"/>
<entry key="798" type="xstring" value="Col977"/>
<entry key="799" type="xstring" value="Col976"/>
<entry key="800" type="xstring" value="Col975"/>
<entry key="801" type="xstring" value="Col163"/>
<entry key="802" type="xstring" value="Col974"/>
<entry key="803" type="xstring" value="Col164"/>
<entry key="804" type="xstring" value="Col973"/>
<entry key="805" type="xstring" value="Col161"/>
<entry key="806" type="xstring" value="Col972"/>
<entry key="807" type="xstring" value="Col162"/>
<entry key="808" type="xstring" value="Col971"/>
<entry key="809" type="xstring" value="Col970"/>
<entry key="810" type="xstring" value="Col160"/>
<entry key="811" type="xstring" value="Col169"/>
<entry key="812" type="xstring" value="Col168"/>
<entry key="813" type="xstring" value="Col167"/>
<entry key="814" type="xstring" value="Col166"/>
<entry key="815" type="xstring" value="Col165"/>
<entry key="816" type="xstring" value="Col969"/>
<entry key="817" type="xstring" value="Col966"/>
<entry key="818" type="xstring" value="Col965"/>
<entry key="819" type="xstring" value="Col968"/>
<entry key="820" type="xstring" value="Col967"/>
<entry key="821" type="xstring" value="Col962"/>
<entry key="822" type="xstring" value="Col172"/>
<entry key="823" type="xstring" value="Col961"/>
<entry key="824" type="xstring" value="Col173"/>
<entry key="825" type="xstring" value="Col964"/>
<entry key="826" type="xstring" value="Col174"/>
<entry key="827" type="xstring" value="Col963"/>
<entry key="828" type="xstring" value="Col175"/>
<entry key="829" type="xstring" value="Col960"/>
<entry key="830" type="xstring" value="Col170"/>
<entry key="831" type="xstring" value="Col171"/>
<entry key="832" type="xstring" value="Col177"/>
<entry key="833" type="xstring" value="Col176"/>
<entry key="834" type="xstring" value="Col179"/>
<entry key="835" type="xstring" value="Col178"/>
<entry key="836" type="xstring" value="Col65"/>
<entry key="837" type="xstring" value="Col64"/>
<entry key="838" type="xstring" value="Col63"/>
<entry key="839" type="xstring" value="Col62"/>
<entry key="840" type="xstring" value="Col61"/>
<entry key="841" type="xstring" value="Col60"/>
<entry key="842" type="xstring" value="Col59"/>
<entry key="843" type="xstring" value="Col57"/>
<entry key="844" type="xstring" value="Col58"/>
<entry key="845" type="xstring" value="Col55"/>
<entry key="846" type="xstring" value="Col56"/>
<entry key="847" type="xstring" value="Col1000"/>
<entry key="848" type="xstring" value="Col74"/>
<entry key="849" type="xstring" value="Col73"/>
<entry key="850" type="xstring" value="Col76"/>
<entry key="851" type="xstring" value="Col75"/>
<entry key="852" type="xstring" value="Col70"/>
<entry key="853" type="xstring" value="Col72"/>
<entry key="854" type="xstring" value="Col71"/>
<entry key="855" type="xstring" value="Col66"/>
<entry key="856" type="xstring" value="Col67"/>
<entry key="857" type="xstring" value="Col68"/>
<entry key="858" type="xstring" value="Col69"/>
<entry key="859" type="xstring" value="Col1010"/>
<entry key="860" type="xstring" value="Col1011"/>
<entry key="861" type="xstring" value="Col83"/>
<entry key="862" type="xstring" value="Col82"/>
<entry key="863" type="xstring" value="Col81"/>
<entry key="864" type="xstring" value="Col80"/>
<entry key="865" type="xstring" value="Col87"/>
<entry key="866" type="xstring" value="Col86"/>
<entry key="867" type="xstring" value="Col85"/>
<entry key="868" type="xstring" value="Col84"/>
<entry key="869" type="xstring" value="Col79"/>
<entry key="870" type="xstring" value="Col77"/>
<entry key="871" type="xstring" value="Col1009"/>
<entry key="872" type="xstring" value="Col78"/>
<entry key="873" type="xstring" value="Col1004"/>
<entry key="874" type="xstring" value="Col1003"/>
<entry key="875" type="xstring" value="Col1002"/>
<entry key="876" type="xstring" value="Col1001"/>
<entry key="877" type="xstring" value="Col1008"/>
<entry key="878" type="xstring" value="Col1007"/>
<entry key="879" type="xstring" value="Col1006"/>
<entry key="880" type="xstring" value="Col1005"/>
<entry key="881" type="xstring" value="Col1020"/>
<entry key="882" type="xstring" value="Col1021"/>
<entry key="883" type="xstring" value="Col90"/>
<entry key="884" type="xstring" value="Col1022"/>
<entry key="885" type="xstring" value="Col92"/>
<entry key="886" type="xstring" value="Col91"/>
<entry key="887" type="xstring" value="Col94"/>
<entry key="888" type="xstring" value="Col93"/>
<entry key="889" type="xstring" value="Col96"/>
<entry key="890" type="xstring" value="Col95"/>
<entry key="891" type="xstring" value="Col98"/>
<entry key="892" type="xstring" value="Col97"/>
<entry key="893" type="xstring" value="Col88"/>
<entry key="894" type="xstring" value="Col89"/>
<entry key="895" type="xstring" value="Col1013"/>
<entry key="896" type="xstring" value="Col1012"/>
<entry key="897" type="xstring" value="Col1015"/>
<entry key="898" type="xstring" value="Col1014"/>
<entry key="899" type="xstring" value="Col1017"/>
<entry key="900" type="xstring" value="Col1016"/>
<entry key="901" type="xstring" value="Col1019"/>
<entry key="902" type="xstring" value="Col1018"/>
<entry key="903" type="xstring" value="Col99"/>
<entry key="904" type="xstring" value="Col679"/>
<entry key="905" type="xstring" value="Col675"/>
<entry key="906" type="xstring" value="Col676"/>
<entry key="907" type="xstring" value="Col470"/>
<entry key="908" type="xstring" value="Col677"/>
<entry key="909" type="xstring" value="Col471"/>
<entry key="910" type="xstring" value="Col678"/>
<entry key="911" type="xstring" value="Col472"/>
<entry key="912" type="xstring" value="Col671"/>
<entry key="913" type="xstring" value="Col672"/>
<entry key="914" type="xstring" value="Col673"/>
<entry key="915" type="xstring" value="Col674"/>
<entry key="916" type="xstring" value="Col478"/>
<entry key="917" type="xstring" value="Col477"/>
<entry key="918" type="xstring" value="Col670"/>
<entry key="919" type="xstring" value="Col479"/>
<entry key="920" type="xstring" value="Col474"/>
<entry key="921" type="xstring" value="Col473"/>
<entry key="922" type="xstring" value="Col476"/>
<entry key="923" type="xstring" value="Col475"/>
<entry key="924" type="xstring" value="Col668"/>
<entry key="925" type="xstring" value="Col669"/>
<entry key="926" type="xstring" value="Col666"/>
<entry key="927" type="xstring" value="Col460"/>
<entry key="928" type="xstring" value="Col667"/>
<entry key="929" type="xstring" value="Col461"/>
<entry key="930" type="xstring" value="Col664"/>
<entry key="931" type="xstring" value="Col665"/>
<entry key="932" type="xstring" value="Col662"/>
<entry key="933" type="xstring" value="Col663"/>
<entry key="934" type="xstring" value="Col660"/>
<entry key="935" type="xstring" value="Col661"/>
<entry key="936" type="xstring" value="Col469"/>
<entry key="937" type="xstring" value="Col468"/>
<entry key="938" type="xstring" value="Col467"/>
<entry key="939" type="xstring" value="Col466"/>
<entry key="940" type="xstring" value="Col465"/>
<entry key="941" type="xstring" value="Col464"/>
<entry key="942" type="xstring" value="Col463"/>
<entry key="943" type="xstring" value="Col462"/>
<entry key="944" type="xstring" value="Col693"/>
<entry key="945" type="xstring" value="Col694"/>
<entry key="946" type="xstring" value="Col695"/>
<entry key="947" type="xstring" value="Col696"/>
<entry key="948" type="xstring" value="Col490"/>
<entry key="949" type="xstring" value="Col697"/>
<entry key="950" type="xstring" value="Col491"/>
<entry key="951" type="xstring" value="Col698"/>
<entry key="952" type="xstring" value="Col492"/>
<entry key="953" type="xstring" value="Col699"/>
<entry key="954" type="xstring" value="Col493"/>
<entry key="955" type="xstring" value="Col494"/>
<entry key="956" type="xstring" value="Col496"/>
<entry key="957" type="xstring" value="Col495"/>
<entry key="958" type="xstring" value="Col498"/>
<entry key="959" type="xstring" value="Col497"/>
<entry key="960" type="xstring" value="Col690"/>
<entry key="961" type="xstring" value="Col499"/>
<entry key="962" type="xstring" value="Col692"/>
<entry key="963" type="xstring" value="Col691"/>
<entry key="964" type="xstring" value="Col684"/>
<entry key="965" type="xstring" value="Col685"/>
<entry key="966" type="xstring" value="Col682"/>
<entry key="967" type="xstring" value="Col683"/>
<entry key="968" type="xstring" value="Col688"/>
<entry key="969" type="xstring" value="Col482"/>
<entry key="970" type="xstring" value="Col689"/>
<entry key="971" type="xstring" value="Col483"/>
<entry key="972" type="xstring" value="Col686"/>
<entry key="973" type="xstring" value="Col480"/>
<entry key="974" type="xstring" value="Col687"/>
<entry key="975" type="xstring" value="Col481"/>
<entry key="976" type="xstring" value="Col487"/>
<entry key="977" type="xstring" value="Col486"/>
<entry key="978" type="xstring" value="Col485"/>
<entry key="979" type="xstring" value="Col484"/>
<entry key="980" type="xstring" value="Col681"/>
<entry key="981" type="xstring" value="Col680"/>
<entry key="982" type="xstring" value="Col489"/>
<entry key="983" type="xstring" value="Col488"/>
<entry key="984" type="xstring" value="Col437"/>
<entry key="985" type="xstring" value="Col438"/>
<entry key="986" type="xstring" value="Col439"/>
<entry key="987" type="xstring" value="Col433"/>
<entry key="988" type="xstring" value="Col434"/>
<entry key="989" type="xstring" value="Col435"/>
<entry key="990" type="xstring" value="Col436"/>
<entry key="991" type="xstring" value="Col430"/>
<entry key="992" type="xstring" value="Col431"/>
<entry key="993" type="xstring" value="Col432"/>
<entry key="994" type="xstring" value="Col428"/>
<entry key="995" type="xstring" value="Col429"/>
<entry key="996" type="xstring" value="Col426"/>
<entry key="997" type="xstring" value="Col427"/>
<entry key="998" type="xstring" value="Col424"/>
<entry key="999" type="xstring" value="Col425"/>
<entry key="1000" type="xstring" value="Col422"/>
<entry key="1001" type="xstring" value="Col423"/>
<entry key="1002" type="xstring" value="Col420"/>
<entry key="1003" type="xstring" value="Col421"/>
<entry key="1004" type="xstring" value="Col450"/>
<entry key="1005" type="xstring" value="Col459"/>
<entry key="1006" type="xstring" value="Col451"/>
<entry key="1007" type="xstring" value="Col452"/>
<entry key="1008" type="xstring" value="Col453"/>
<entry key="1009" type="xstring" value="Col454"/>
<entry key="1010" type="xstring" value="Col455"/>
<entry key="1011" type="xstring" value="Col456"/>
<entry key="1012" type="xstring" value="Col457"/>
<entry key="1013" type="xstring" value="Col458"/>
<entry key="1014" type="xstring" value="Col448"/>
<entry key="1015" type="xstring" value="Col449"/>
<entry key="1016" type="xstring" value="Col442"/>
<entry key="1017" type="xstring" value="Col443"/>
<entry key="1018" type="xstring" value="Col440"/>
<entry key="1019" type="xstring" value="Col441"/>
<entry key="1020" type="xstring" value="Col446"/>
<entry key="1021" type="xstring" value="Col447"/>
<entry key="1022" type="xstring" value="Col444"/>
<entry key="1023" type="xstring" value="Col445"/>
</config>
<config key="target">
<entry key="array-size" type="xint" value="1"/>
<entry key="0" type="xstring" value="TermClass"/>
</config>
</config>
